{"accuracy": 0.8300395011901855, "loss": 0.4448279142379761, "_timestamp": 1651380208, "_runtime": 192, "_step": 8}